request_id,arrival_time_ms,prompt_len,output_len,generated_tokens,prefill_start_time_ms,prefill_end_time_ms,kv_transfer_start_time_ms,kv_transfer_end_time_ms,first_token_time_ms,completion_time_ms,ttft_ms,tpot_ms,e2e_ms,status,prefill_replica,decode_replica
req_1,0.0,512,128,128,0.0,155.83013333333335,155.83013333333335,166.17013333333335,195.5401666666667,3663.9639,195.5401666666667,27.310423097112864,3663.9639,completed,0,0
req_2,2137.0314464404696,512,128,128,2137.0314464404696,2292.861579773803,2292.861579773803,2303.201579773803,2333.9261,5463.662833333337,196.89465355953052,24.64359632545935,3326.631386892868,completed,0,0
req_3,2429.3919471195154,512,128,128,2429.3919471195154,2585.222080452849,2585.222080452849,2595.562080452849,2634.4791999999998,5759.590133333337,205.08725288048436,24.607172703412104,3330.1981862138214,completed,0,0
req_4,2608.1664790077793,512,128,128,2608.1664790077793,2763.9966123411127,2763.9966123411127,2774.336612341113,2807.1486333333332,5933.60906666667,198.9821543255539,24.617798687664067,3325.4425876588903,completed,0,0
req_5,3741.1225641063693,512,128,128,3741.1225641063693,3896.9526974397027,3896.9526974397027,3907.292697439703,3936.0705666666677,7075.408500000004,194.9480025602984,24.719196325459343,3334.285935893635,completed,0,0
req_6,5001.651008947797,512,128,128,5001.651008947797,5157.48114228113,5157.48114228113,5167.82114228113,5214.870400000003,8370.986933333337,213.21939105220645,24.851311286089242,3369.3359243855402,completed,0,0
req_7,5838.613731320131,512,128,128,5838.613731320131,5994.443864653464,5994.443864653464,6004.783864653464,6033.590500000004,9183.978133333338,194.9767686798732,24.806201837270343,3345.364402013207,completed,0,0
req_8,7589.090525979161,512,128,128,7589.090525979161,7744.920659312494,7744.920659312494,7755.260659312494,7802.784266666672,10945.112700000009,213.6937406875113,24.742743569553834,3356.022174020848,completed,0,0
req_9,7685.361897537341,512,128,128,7744.920659312494,7900.750792645827,7900.750792645827,7911.090792645827,7951.305466666672,11094.478700000007,265.9435691293311,24.749395538057755,3409.116802462666,completed,0,0
req_10,7892.769681231028,512,128,128,7900.750792645827,8056.5809259791595,8056.5809259791595,8066.92092597916,8098.414766666671,11242.426700000007,205.64508543564352,24.755999475065636,3349.6570187689795,completed,0,0
req_11,8031.161246819939,512,128,128,8056.5809259791595,8212.411059312493,8212.411059312493,8222.751059312493,8271.148500000005,11416.34893333334,239.98725318006564,24.765357742782168,3385.187686513401,completed,0,0
req_12,9215.506975817667,512,128,128,9215.506975817667,9371.337109151,9371.337109151,9381.677109151,9429.155666666671,12568.675100000004,213.6486908490042,24.72062545931758,3353.168124182337,completed,0,0
req_13,10786.025752829524,512,128,128,10786.025752829524,10941.855886162857,10941.855886162857,10952.195886162857,10994.788966666674,14142.952100000004,208.76321383715003,24.78868608923882,3356.92634717048,completed,0,0
req_14,11239.537155104295,512,128,128,11239.537155104295,11395.367288437628,11395.367288437628,11405.707288437628,11441.054366666673,14601.206700000002,201.51721156237727,24.883089238845116,3361.669544895707,completed,0,0
req_15,11336.192621269707,512,128,128,11395.367288437628,11551.197421770961,11551.197421770961,11561.537421770961,11589.012566666674,14753.384800000002,252.81994539696643,24.916316797900222,3417.1921787302945,completed,0,0
req_16,12692.870789091456,512,128,128,12692.870789091456,12848.700922424789,12848.700922424789,12859.040922424789,12890.650433333336,16090.45706666667,197.7796442418803,25.195327821522312,3397.586277575214,completed,0,0
req_17,12983.133628644082,512,128,128,12983.133628644082,13138.963761977415,13138.963761977415,13149.303761977415,13184.916933333338,16394.31846666667,201.7833046892556,25.2708782152231,3411.1848380225892,completed,0,0
req_18,13135.481226054408,512,128,128,13138.963761977415,13294.793895310748,13294.793895310748,13305.133895310748,13333.170833333337,16543.895766666672,197.68960727892954,25.281298687664055,3408.4145406122643,completed,0,0
req_19,13457.254276424042,512,128,128,13457.254276424042,13613.084409757375,13613.084409757375,13623.424409757376,13658.701966666671,16864.92640000001,201.4476902426286,25.245861679790078,3407.6721235759687,completed,0,0
req_20,13707.848757991276,512,128,128,13707.848757991276,13863.67889132461,13863.67889132461,13874.01889132461,13912.390700000004,17113.88223333335,204.54194200872735,25.208594750656257,3406.033475342072,completed,0,0
req_21,14282.476079698466,512,128,128,14282.476079698466,14438.3062130318,14438.3062130318,14448.6462130318,14498.622266666669,17684.69740000002,216.14618696820253,25.08720577427835,3402.2213203015526,completed,0,0
req_22,15840.665902112965,512,128,128,15840.665902112965,15996.496035446298,15996.496035446298,16006.836035446298,16039.149100000004,19215.35033333334,198.48319788703884,25.00945853018374,3374.684431220374,completed,0,0
req_23,16958.21910305572,512,128,128,16958.21910305572,17114.04923638905,17114.04923638905,17124.38923638905,17163.742900000016,20407.86623333334,205.52379694429692,25.544278215223038,3449.6471302776226,completed,0,0
req_24,19476.21170229664,512,128,128,19476.21170229664,19632.041835629974,19632.041835629974,19642.381835629974,19680.318366666677,22865.6663,204.10666437003601,25.08147979002617,3389.4545977033595,completed,0,0
req_25,20424.537316217582,512,128,128,20424.537316217582,20580.367449550915,20580.367449550915,20590.707449550915,20638.402900000005,23777.171733333333,213.86558378242262,24.71471522309707,3352.6344171157507,completed,0,0
req_26,21261.25525161282,512,128,128,21261.25525161282,21417.085384946153,21417.085384946153,21427.425384946153,21465.465699999993,24590.172633333335,204.21044838717353,24.603991601049938,3328.9173817205156,completed,0,0
req_27,21447.061807335864,512,128,128,21447.061807335864,21602.891940669197,21602.891940669197,21613.231940669197,21638.185733333325,24764.38256666667,191.1239259974609,24.615723097112962,3317.320759330807,completed,0,0
req_28,22456.62488837962,512,128,128,22456.62488837962,22612.455021712954,22612.455021712954,22622.795021712955,22667.63163333333,25818.547566666664,211.00674495370913,24.810361679790027,3361.922678287043,completed,0,0
req_29,23361.12581088701,512,128,128,23361.12581088701,23516.955944220343,23516.955944220343,23527.295944220343,23554.01513333333,26873.960066666674,192.88932244632088,26.14129868766412,3512.834255779664,completed,0,0
req_30,27166.538669772748,512,128,128,27166.538669772748,27322.36880310608,27322.36880310608,27332.70880310608,27362.078836439414,30529.64776977278,195.54016666666575,24.941487664042242,3363.1091000000306,completed,0,0
req_31,27174.70515800183,512,128,128,27322.36880310608,27478.198936439414,27478.198936439414,27488.538936439414,27533.977936439416,30677.89396977278,359.27277843758566,24.75524435695562,3503.1888117709495,completed,0,0
req_32,27649.113406494955,512,128,128,27649.113406494955,27804.943539828288,27804.943539828288,27815.283539828288,27859.32126977275,31001.558203106117,210.2078632777957,24.74202309711312,3352.444796611162,completed,0,0
req_33,28764.83623180439,512,128,128,28764.83623180439,28920.666365137724,28920.666365137724,28931.006365137724,28970.86496977276,32131.230903106112,206.02873796836866,24.884771128609074,3366.3946713017212,completed,0,0
req_34,29064.3553231902,512,128,128,29064.3553231902,29220.185456523534,29220.185456523534,29230.525456523534,29264.793069772768,32482.970803106113,200.43774658256734,25.339982152231062,3418.615479915912,completed,0,0
req_35,33543.599859184345,512,128,128,33543.599859184345,33699.42999251768,33699.42999251768,33709.76999251768,33739.14002585101,36922.52485918433,195.54016666666575,25.066022309711144,3378.924999999981,completed,0,0
req_36,33788.9715314941,512,128,128,33788.9715314941,33944.801664827435,33944.801664827435,33955.14166482743,33999.139025851015,37144.75105918433,210.167494356916,24.76859868766391,3355.7795276902325,completed,0,0
req_37,34406.44197071418,512,128,128,34406.44197071418,34562.272104047515,34562.272104047515,34572.61210404751,34600.261725851014,37742.56475918432,193.81975513683574,24.742543569553607,3336.122788470144,completed,0,0
req_38,35105.04078980184,512,128,128,35105.04078980184,35260.870923135175,35260.870923135175,35271.21092313517,35316.47459251767,38470.653525851,211.4338027158301,24.83605459317582,3365.612736049159,completed,0,0
req_39,35512.48067352754,512,128,128,35512.48067352754,35668.31080686088,35668.31080686088,35678.650806860875,35707.991425850996,38884.73945918435,195.51075232345465,25.013764041994893,3372.258785656806,completed,0,0
req_40,38368.90058764632,512,128,128,38368.90058764632,38524.730720979656,38524.730720979656,38535.07072097965,38583.68475918434,41794.079992517705,214.78417153802002,25.278702624672167,3425.1794048713855,completed,0,0
req_41,39014.94805388619,512,128,128,39014.94805388619,39170.77818721953,39170.77818721953,39181.11818721952,39232.76895918436,42390.505592517715,217.82090529816924,24.8640679790028,3375.557538631525,completed,0,0
req_42,40145.26892016044,512,128,128,40145.26892016044,40301.099053493774,40301.099053493774,40311.43905349377,40360.71625918436,43518.87469251771,215.4473390239218,24.86738923884529,3373.605772357274,completed,0,0
req_43,41078.60945951404,512,128,128,41078.60945951404,41234.439592847375,41234.439592847375,41244.77959284737,41277.7235925177,44447.15112585104,199.11413300366257,24.956122309711358,3368.541666337005,completed,0,0
req_44,43228.6260620119,512,128,128,43228.6260620119,43384.456195345236,43384.456195345236,43394.79619534523,43444.336592517706,46787.12412585102,215.71053050580667,26.321161679789874,3558.4980638391207,completed,0,0
req_45,45346.86832474833,512,128,128,45346.86832474833,45502.698458081664,45502.698458081664,45513.03845808166,45557.82269251771,48792.79752585101,210.95436776938004,25.472242782152005,3445.9292011026846,completed,0,0
req_46,47003.20539024354,512,128,128,47003.20539024354,47159.03552357687,47159.03552357687,47169.37552357687,47222.97852585102,50377.18705918435,219.77313560748007,24.836287664041976,3373.981668940811,completed,0,0
req_47,48108.76856123448,512,128,128,48108.76856123448,48264.598694567816,48264.598694567816,48274.93869456781,48301.22215918435,51446.72859251769,192.4535979498687,24.767767191601127,3337.9600312832117,completed,0,0
req_48,48139.67513055066,512,128,128,48264.598694567816,48420.42882790115,48420.42882790115,48430.76882790115,48474.36209251768,51621.571925851014,334.68696196701785,24.781179790026254,3481.896795300352,completed,0,0
req_49,49873.59801905603,512,128,128,49873.59801905603,50029.428152389366,50029.428152389366,50039.76815238936,50081.962759184345,53249.15439251767,208.36474012831604,24.938516797900167,3375.556373461637,completed,0,0
req_50,51376.93337419297,512,128,128,51376.93337419297,51532.76350752631,51532.76350752631,51543.103507526306,51571.93935918435,54739.87309251768,195.00598499137413,24.944360104986863,3362.9397183247056,completed,0,0
req_51,52807.073344276774,512,128,128,52807.073344276774,52962.90347761011,52962.90347761011,52973.24347761011,53000.99155918434,56139.63859251767,193.9182149075641,24.713756167979014,3332.5652482408987,completed,0,0
req_52,53531.59114596072,512,128,128,53531.59114596072,53687.42127929406,53687.42127929406,53697.761279294056,53725.32042585101,56858.00835918435,193.7292798902854,24.666834120734975,3326.417213223627,completed,0,0
req_53,54386.61399455693,512,128,128,54386.61399455693,54542.44412789027,54542.44412789027,54552.78412789026,54592.619792517675,57718.02072585102,206.00579796074453,24.609456167979097,3331.4067312940897,completed,0,0
req_54,54649.58120392396,512,128,128,54649.58120392396,54805.4113372573,54805.4113372573,54815.751337257294,54863.21955918435,57991.3268925177,213.63835526038747,24.630766404199647,3341.7456885937427,completed,0,0
req_55,56387.7233169115,512,128,128,56387.7233169115,56543.553450244835,56543.553450244835,56553.89345024483,56587.076292517675,59741.598625851046,199.3529756061762,24.83875853018402,3353.875308939547,completed,0,0
req_56,56660.17738900649,512,128,128,56660.17738900649,56816.00752233982,56816.00752233982,56826.34752233982,56858.00835918435,60017.6324925177,197.8309701778635,24.87893018372719,3357.4551035112163,completed,0,0
req_57,58895.42844019266,512,128,128,58895.42844019266,59051.258573526,59051.258573526,59061.598573526,59095.11325918437,62292.4758925177,199.6848189917073,25.176083727034097,3397.0474523250377,completed,0,0
req_58,60058.56954065829,512,128,128,60058.56954065829,60214.399673991626,60214.399673991626,60224.73967399162,60277.4910925177,63440.21412585103,218.92155185941374,24.903330971128568,3381.644585192742,completed,0,0
req_59,60652.92527471832,512,128,128,60652.92527471832,60808.75540805166,60808.75540805166,60819.09540805165,60853.80225918437,64017.375492517676,200.87698446604918,24.910025459317378,3364.4502177993563,completed,0,0
req_60,62596.81173936505,512,128,128,62596.81173936505,62752.64187269838,62752.64187269838,62762.98187269838,62794.08715918435,66304.85619251775,197.275419819307,27.64385065616847,3708.0444531527028,completed,0,0
req_61,66330.69227620291,512,128,128,66330.69227620291,66486.52240953625,66486.52240953625,66496.86240953625,66526.23244286959,69718.79547620293,195.54016666667303,25.138291601049914,3388.1032000000123,completed,0,0
req_62,66726.92056614028,512,128,128,66726.92056614028,66882.75069947362,66882.75069947362,66893.09069947361,66933.05470953624,70066.34444286958,206.13414339596056,24.671572703412114,3339.423876729299,completed,0,0
req_63,66981.81804932431,512,128,128,66981.81804932431,67137.64818265765,67137.64818265765,67147.98818265765,67183.22964286957,70313.49677620291,201.41159354525735,24.64777270341214,3331.6787268785993,completed,0,0
req_64,67128.49072024882,512,128,128,67137.64818265765,67293.47831599099,67293.47831599099,67303.81831599098,67330.67344286958,70461.1594762029,202.18272262075334,24.64949632545921,3332.6687559540733,completed,0,0
req_65,68471.4614825937,512,128,128,68471.4614825937,68627.29161592704,68627.29161592704,68637.63161592704,68675.12717620289,71828.39360953627,203.66569360918947,24.828869553806154,3356.932126942571,completed,0,0
req_66,69662.17128163333,512,128,128,69662.17128163333,69818.00141496667,69818.00141496667,69828.34141496666,69867.25257620293,73040.88810953627,205.08129456959432,24.98925616797912,3378.716827902943,completed,0,0
req_67,69994.15719518153,512,128,128,69994.15719518153,70149.98732851486,70149.98732851486,70160.32732851486,70189.63180953624,73369.95894286962,195.47461435470905,25.041945931758924,3375.8017476880923,completed,0,0
req_68,70032.98425581519,512,128,128,70149.98732851486,70305.8174618482,70305.8174618482,70316.1574618482,70362.62784286957,73544.49067620294,329.64358705437917,25.05403805774312,3511.5064203877555,completed,0,0
req_69,70317.55065772167,512,128,128,70317.55065772167,70473.38079105501,70473.38079105501,70483.720791055,70509.99004286957,73692.56487620295,192.43938514789625,25.059644356955715,3375.014218481272,completed,0,0
req_70,70723.92772356313,512,128,128,70723.92772356313,70879.75785689647,70879.75785689647,70890.09785689646,70927.22370953625,74115.52984286961,203.29598597311997,25.10477270341229,3391.6021193064807,completed,0,0
req_71,71723.90470165623,512,128,128,71723.90470165623,71879.73483498956,71879.73483498956,71890.07483498956,71927.6519428696,75110.6099762029,203.7472412133793,25.062661679789763,3386.705274546679,completed,0,0
req_72,72514.77221869711,512,128,128,72514.77221869711,72670.60235203044,72670.60235203044,72680.94235203044,72708.21777620292,75879.30260953621,193.44555750580912,24.969171916010218,3364.530390839107,completed,0,0
req_73,74219.43902312478,512,128,128,74219.43902312478,74375.26915645812,74375.26915645812,74385.60915645811,74416.3556428696,77581.70637620281,196.91661974482122,24.92402152230873,3362.2673530780303,completed,0,0
req_74,74840.68768106504,512,128,128,74840.68768106504,74996.51781439838,74996.51781439838,75006.85781439838,75036.9147762029,78208.99180953612,196.22709513785958,24.97698451443479,3368.304128471078,completed,0,0
req_75,77006.2283482993,512,128,128,77006.2283482993,77162.05848163263,77162.05848163263,77172.39848163263,77208.91287620284,80644.96740953611,202.68452790354786,27.055547506561183,3638.739061236818,completed,0,0
req_76,79847.92423518671,512,128,128,79847.92423518671,80003.75436852005,80003.75436852005,80014.09436852005,80052.81570953611,83187.81624286949,204.89147434939514,24.685043569554196,3339.892007682778,completed,0,0
req_77,80025.12034806488,512,128,128,80025.12034806488,80180.95048139822,80180.95048139822,80191.29048139822,80228.04484286944,83361.11177620282,202.92449480455252,24.669818372703773,3335.9914281379315,completed,0,0
req_78,80085.74861174618,512,128,128,80180.95048139822,80336.78061473156,80336.78061473156,80347.12061473155,80376.14324286945,83510.70587620282,290.3946311232721,24.681595538057984,3424.957264456636,completed,0,0
req_79,80805.41943083939,512,128,128,80805.41943083939,80961.24956417273,80961.24956417273,80971.58956417273,81014.73810953613,84163.41264286949,209.3186786967417,24.792712860892543,3357.9932120300946,completed,0,0
req_80,81537.0367879762,512,128,128,81537.0367879762,81692.86692130954,81692.86692130954,81703.20692130954,81747.88640953612,84975.28424286951,210.84962155991525,25.412581364829876,3438.2474548933096,completed,0,0
req_81,84378.98171938768,512,128,128,84378.98171938768,84534.81185272102,84534.81185272102,84545.15185272101,84598.96594286952,87826.2099762028,219.98422348183522,25.41137034120691,3447.228256815113,completed,0,0
req_82,85131.84313473543,512,128,128,85131.84313473543,85287.67326806877,85287.67326806877,85298.01326806877,85323.29794286953,88488.47887620279,191.45480813409085,24.92268451443515,3356.635741467355,completed,0,0
req_83,87309.20832695317,512,128,128,87309.20832695317,87465.03846028651,87465.03846028651,87475.3784602865,87505.36674286946,90648.20577620278,196.1584159162885,24.746764041994666,3338.9974492496112,completed,0,0
req_84,87339.38271555096,512,128,128,87465.03846028651,87620.86859361985,87620.86859361985,87631.20859361984,87678.94017620278,90822.02960953614,339.5574606518203,24.748735695538237,3482.6468939851766,completed,0,0
req_85,87802.10243977148,512,128,128,87802.10243977148,87957.93257310482,87957.93257310482,87968.27257310481,87999.08600953614,91141.89074286947,196.98356976466312,24.746493963254515,3339.7883030979865,completed,0,0
req_86,89089.42317954794,512,128,128,89089.42317954794,89245.25331288128,89245.25331288128,89255.59331288128,89280.42024286944,92435.0485762028,190.997063321498,24.839593175853196,3345.625396654854,completed,0,0
req_87,89550.38528922987,512,128,128,89550.38528922987,89706.21542256321,89706.21542256321,89716.55542256321,89746.66237620277,92907.64420953613,196.27708697289927,24.889620734908295,3357.2589203062525,completed,0,0
req_88,89802.10418588572,512,128,128,89802.10418588572,89957.93431921906,89957.93431921906,89968.27431921905,89994.1763095361,93156.67354286944,192.07212365037412,24.901553018372777,3354.5693569837167,completed,0,0
req_89,92167.36103550326,512,128,128,92167.36103550326,92323.1911688366,92323.1911688366,92333.53116883659,92361.0271762028,95505.1448095361,193.66614069954085,24.756831758529913,3337.7837740328396,completed,0,0
req_90,92827.85489717874,512,128,128,92827.85489717874,92983.68503051208,92983.68503051208,92994.02503051207,93032.77887620278,96177.94290953611,204.923979024039,24.76507112860893,3350.0880123573734,completed,0,0
req_91,92942.68639451974,512,128,128,92983.68503051208,93139.51516384541,93139.51516384541,93149.85516384541,93181.30237620277,96326.34390953611,238.61598168303317,24.764106561679817,3383.65751501637,completed,0,0
req_92,93223.38477383342,512,128,128,93223.38477383342,93379.21490716675,93379.21490716675,93389.55490716675,93427.44100953611,96575.50104286945,204.0562357026938,24.787874278215295,3352.116269036036,completed,0,0
req_93,94119.00890491506,512,128,128,94119.00890491506,94274.83903824839,94274.83903824839,94285.17903824839,94330.88554286944,97486.85417620273,211.8766379543813,24.850146719159795,3367.845271287675,completed,0,0
req_94,94553.24915664701,512,128,128,94553.24915664701,94709.07928998035,94709.07928998035,94719.41928998035,94750.6342095361,97906.6032428694,197.38505288909073,24.850149868766128,3353.354086222389,completed,0,0
req_95,96457.16357899085,512,128,128,96457.16357899085,96612.99371232418,96612.99371232418,96623.33371232418,96650.48424286945,99783.59577620272,193.32066387860687,24.670169553805284,3326.432197211878,completed,0,0
req_96,96600.97187582217,512,128,128,96612.99371232418,96768.82384565752,96768.82384565752,96779.16384565752,96823.78097620278,99957.80570953607,222.80910038060392,24.67736010498658,3356.8338337138994,completed,0,0
req_97,97560.09737769456,512,128,128,97560.09737769456,97715.9275110279,97715.9275110279,97726.2675110279,97759.4824428694,100908.29657620275,199.3850651748362,24.79381207349093,3348.199198508184,completed,0,0
req_98,98646.21631971234,512,128,128,98646.21631971234,98802.04645304568,98802.04645304568,98812.38645304568,98847.92500953605,102001.89644286942,201.70868982370303,24.834420734908413,3355.6801231570716,completed,0,0
req_99,100437.86144050116,512,128,128,100437.86144050116,100593.6915738345,100593.6915738345,100604.0315738345,100635.1052095361,103794.29994286939,197.24376903493248,24.875549081364518,3356.438502368226,completed,0,0
req_100,100975.52028391726,512,128,128,100975.52028391726,101131.3504172506,101131.3504172506,101141.69041725059,101183.84784286942,104355.84167620273,208.32755895216542,24.97632939632529,3380.3213922854775,completed,0,0
req_101,102308.66224185984,512,128,128,102308.66224185984,102464.49237519318,102464.49237519318,102474.83237519317,102503.2171095361,105716.43644286942,194.55486767625553,25.300939632545884,3407.7742010095826,completed,0,0
req_102,102789.75185907925,512,128,128,102789.75185907925,102945.58199241258,102945.58199241258,102955.92199241258,102998.49247620274,106237.94750953608,208.74061712349067,25.507519947506665,3448.195650456837,completed,0,0
req_103,102993.06602483508,512,128,128,102993.06602483508,103148.89615816841,103148.89615816841,103159.23615816841,103194.61094286939,106444.96417620275,201.544918034313,25.593332545931943,3451.89815136767,completed,0,0
req_104,103040.16757792476,512,128,128,103148.89615816841,103433.76409150174,103433.76409150174,103444.10409150174,103491.0687428694,106754.55597620273,450.9011649446329,25.696749868766403,3714.388398277966,completed,0,0
req_105,103051.32599257666,512,128,128,103148.89615816841,103433.76409150174,103444.10409150174,103454.44409150173,103491.0687428694,106754.55597620273,439.7427502927312,25.696749868766403,3703.2299836260645,completed,0,0
req_106,103603.82351102604,512,128,128,103603.82351102604,103759.65364435938,103759.65364435938,103769.99364435938,103819.44717620272,107082.26690953606,215.62366517668124,25.691493963254626,3478.4433985100186,completed,0,0
req_107,103695.64953877126,512,128,128,103759.65364435938,103915.48377769272,103915.48377769272,103925.82377769271,103970.71987620273,107231.19280953609,275.07033743146167,25.67301522309738,3535.543270764829,completed,0,0
req_108,104051.19709696306,512,128,128,104051.19709696306,104207.0272302964,104207.0272302964,104217.3672302964,104251.24064286941,107501.63967620273,200.04354590634466,25.593693175852916,3450.442579239665,completed,0,0
req_109,105685.59554646799,512,128,128,105685.59554646799,105841.42567980132,105841.42567980132,105851.76567980132,105896.32727620276,109092.52630953606,210.7317297347763,25.166921522309405,3406.9307630680705,completed,0,0
req_110,105863.70352737914,512,128,128,105863.70352737914,106019.53366071248,106019.53366071248,106029.87366071247,106078.25800953609,109266.33714286938,214.55448215694923,25.10298530183692,3402.6336154902383,completed,0,0
req_111,106279.33229098163,512,128,128,106279.33229098163,106435.16242431497,106435.16242431497,106445.50242431497,106496.32704286941,109660.3591762027,216.99475188777433,24.913638845144074,3381.026885221072,completed,0,0
req_112,108383.62408584481,512,128,128,108383.62408584481,108539.45421917815,108539.45421917815,108549.79421917815,108595.06384286938,111744.80727620277,211.43975702456373,24.801129396325944,3361.1831903579587,completed,0,0
req_113,108561.65104925672,512,128,128,108561.65104925672,108717.48118259005,108717.48118259005,108727.82118259005,108767.66627620271,111919.43860953611,206.01522694599407,24.817104986877162,3357.787560279394,completed,0,0
req_114,108674.48239940248,512,128,128,108717.48118259005,108873.31131592339,108873.31131592339,108883.65131592339,108916.68897620273,112067.62260953613,242.20657680025033,24.810501049869345,3393.140210133657,completed,0,0
req_115,109001.20614704872,512,128,128,109001.20614704872,109157.03628038206,109157.03628038206,109167.37628038206,109216.32527620271,112366.24760953615,215.11912915398716,24.802538057743604,3365.0414624874247,completed,0,0
req_116,109459.21788321828,512,128,128,109459.21788321828,109615.04801655162,109615.04801655162,109625.38801655162,109660.3591762027,112817.96420953613,201.14129298442276,24.863031758530926,3358.7463263178506,completed,0,0
req_117,111367.22117064263,512,128,128,111367.22117064263,111523.05130397597,111523.05130397597,111533.39130397596,111567.31434286943,114822.00047620283,200.09317222679965,25.627449868766885,3454.779305560194,completed,0,0
req_118,113144.94585209488,512,128,128,113144.94585209488,113300.77598542822,113300.77598542822,113311.11598542822,113341.82410953614,116794.94354286953,196.87825744126167,27.189916797900665,3649.997690774646,completed,0,0
req_119,116500.60509768625,512,128,128,116500.60509768625,116656.43523101958,116656.43523101958,116666.77523101958,116694.5919095362,119875.2867428695,193.98681184995803,25.044841207348806,3374.6816451832565,completed,0,0
req_120,116582.2562901347,512,128,128,116656.43523101958,116812.26536435292,116812.26536435292,116822.60536435292,116849.36760953619,120025.8673428695,267.1113194014906,25.011808923884377,3443.6110527348064,completed,0,0
req_121,118733.4861221962,512,128,128,118733.4861221962,118889.31625552954,118889.31625552954,118899.65625552954,118930.56227620285,122187.37470953615,197.07615400664508,25.644192388451152,3453.8885873399413,completed,0,0
req_122,120482.62586744604,512,128,128,120482.62586744604,120638.45600077938,120638.45600077938,120648.79600077937,120696.46660953618,123868.9658428695,213.84074209013488,24.98030892388442,3386.339975423456,completed,0,0
req_123,120838.10344886707,512,128,128,120838.10344886707,120993.9335822004,120993.9335822004,121004.2735822004,121047.16097620284,124279.33520953619,209.0575273357681,25.45019081364845,3441.2317606691213,completed,0,0
req_124,124227.04351854112,512,128,128,124227.04351854112,124382.87365187446,124382.87365187446,124393.21365187445,124422.58368520779,127613.9490185411,195.54016666667303,25.128860892388236,3386.905499999979,completed,0,0
req_125,124354.41568956956,512,128,128,124382.87365187446,124538.70378520779,124538.70378520779,124549.04378520779,124594.48278520777,127761.13631854109,240.06709563820914,24.93427979002611,3406.720628971525,completed,0,0
req_126,126502.0477193096,512,128,128,126502.0477193096,126657.87785264294,126657.87785264294,126668.21785264293,126700.77918520776,129837.30341854108,198.73146589816315,24.69704120734894,3335.2556992314785,completed,0,0
req_127,126504.48125797103,512,128,128,126657.87785264294,126813.70798597627,126813.70798597627,126824.04798597627,126849.30038520777,129986.87761854108,344.8191272367403,24.705332545931615,3482.3963605700555,completed,0,0
req_128,126771.3130989054,512,128,128,126813.70798597627,126969.53811930961,126969.53811930961,126979.87811930961,127020.93491854108,130162.5753518744,249.62181963567855,24.73732624671905,3391.262252968998,completed,0,0
req_129,128513.70445606863,512,128,128,128513.70445606863,128669.53458940197,128669.53458940197,128679.87458940197,128727.72961854108,131884.13875187442,214.02516247244785,24.853615223097123,3370.4342958057823,completed,0,0
req_130,130012.5936857834,512,128,128,130012.5936857834,130168.42381911674,130168.42381911674,130178.76381911674,130216.98681854106,133378.2815518745,204.39313275765744,24.892084514436576,3365.6878660911025,completed,0,0
req_131,130562.90587057514,512,128,128,130562.90587057514,130718.73600390847,130718.73600390847,130729.07600390847,130768.30885187439,133917.20718520778,205.40298129925213,24.794475065617238,3354.301314632641,completed,0,0
req_132,132263.48246767733,512,128,128,132263.48246767733,132419.31260101066,132419.31260101066,132429.65260101066,132460.8874185411,135596.26955187437,197.40495086376905,24.68804829396279,3332.7870841970434,completed,0,0
req_133,133064.10275175338,512,128,128,133064.10275175338,133219.93288508672,133219.93288508672,133230.2728850867,133255.35488520784,136389.34211854104,191.2521334544581,24.677064829395295,3325.2393667876604,completed,0,0
req_134,133073.83067129046,512,128,128,133219.93288508672,133375.76301842005,133375.76301842005,133386.10301842005,133427.47671854118,136561.72535187437,353.64604725071695,24.679123097111738,3487.8946805839078,completed,0,0
req_135,134325.7091166274,512,128,128,134325.7091166274,134481.53924996074,134481.53924996074,134491.87924996074,134535.8858185411,137669.53585187427,210.17670191370416,24.674409711284756,3343.8267352468683,completed,0,0
req_136,134853.2549051059,512,128,128,134853.2549051059,135009.08503843923,135009.08503843923,135019.42503843922,135051.07881854102,138192.44735187426,197.82391343513154,24.735185301836534,3339.192446768371,completed,0,0
req_137,135396.24963345056,512,128,128,135396.24963345056,135552.0797667839,135552.0797667839,135562.4197667839,135596.26955187437,138744.6892852076,200.0199184238154,24.790706561678952,3348.439651757042,completed,0,0
req_138,136476.7247599992,512,128,128,136476.7247599992,136632.55489333253,136632.55489333253,136642.89489333253,136685.48011854105,139886.6956518743,208.75535854185,25.206421522309043,3409.9708918750985,completed,0,0
req_139,138819.09436796297,512,128,128,138819.09436796297,138974.9245012963,138974.9245012963,138985.2645012963,139033.70911854092,142198.74025187417,214.61475057795178,24.921504986875984,3379.645883911202,completed,0,0
req_140,139864.67906304993,512,128,128,139864.67906304993,140020.50919638327,140020.50919638327,140030.84919638326,140058.5171518743,143196.01748520753,193.8380888243555,24.70472703412002,3331.338422157598,completed,0,0
req_141,140149.15290095407,512,128,128,140149.15290095407,140304.9830342874,140304.9830342874,140315.3230342874,140358.9355518743,143497.36548520753,209.7826509202423,24.712046719159186,3348.2125842534588,completed,0,0
req_142,140297.0546638725,512,128,128,140304.9830342874,140460.81316762074,140460.81316762074,140471.15316762074,140506.61445187428,143669.00618520752,209.55978800178855,24.900722309710517,3371.951521335024,completed,0,0
req_143,143471.01856301862,512,128,128,143471.01856301862,143626.84869635195,143626.84869635195,143637.18869635195,143669.00618520752,147394.9914185408,197.98762218889897,29.33846640419907,3923.972855522181,completed,0,0
req_144,147601.29671355072,512,128,128,147601.29671355072,147757.12684688406,147757.12684688406,147767.46684688405,147796.8368802174,151033.85251355078,195.54016666667303,25.488312073491237,3432.55580000006,completed,0,0
req_145,148010.12079224866,512,128,128,148010.12079224866,148165.950925582,148165.950925582,148176.290925582,148203.65914688405,151385.14228021746,193.53835463538417,25.0510482939639,3375.021487968799,completed,0,0
req_146,150378.62348485287,512,128,128,150378.62348485287,150534.4536181862,150534.4536181862,150544.7936181862,150586.28411355076,153873.61324688414,207.66062869789312,25.884481364829735,3494.9897620312695,completed,0,0
req_147,152063.45105339595,512,128,128,152063.45105339595,152219.2811867293,152219.2811867293,152229.6211867293,152261.25458021747,155406.3580135508,197.80352682151715,24.764593963254626,3342.9069601548545,completed,0,0
req_148,152142.92324897426,512,128,128,152219.2811867293,152375.11132006263,152375.11132006263,152385.45132006262,152411.29528021746,155555.44461355082,268.37203124319785,24.757081364829634,3412.5213645765616,completed,0,0
req_149,153732.28397268953,512,128,128,153732.28397268953,153888.11410602287,153888.11410602287,153898.45410602287,153923.4432135508,157075.6399468842,191.1592408612778,24.820446719160657,3343.355974194681,completed,0,0
req_150,154563.86372582059,512,128,128,154563.86372582059,154719.69385915392,154719.69385915392,154730.03385915392,154766.50204688415,157924.12358021757,202.63832106356858,24.86316167979064,3360.25985439698,completed,0,0
req_151,155931.24936043154,512,128,128,155931.24936043154,156087.07949376488,156087.07949376488,156097.41949376487,156132.10188021752,159304.15801355094,200.85251978598535,24.976819947507234,3372.9086531194043,completed,0,0
req_152,157313.28435992057,512,128,128,157313.28435992057,157469.1144932539,157469.1144932539,157479.4544932539,157527.0073468842,160946.16568021753,213.72298696363578,26.92250656167973,3632.8813202969613,completed,0,0
req_153,161734.57038379266,512,128,128,161734.57038379266,161890.400517126,161890.400517126,161900.740517126,161930.11055045933,165091.29488379255,195.54016666667303,24.891215223096236,3356.7244999998948,completed,0,0
req_154,161894.7482472664,512,128,128,161894.7482472664,162050.57838059973,162050.57838059973,162060.91838059973,162102.0096504593,165240.52708379255,207.26140319291153,24.712735695537322,3345.7788365261513,completed,0,0
req_155,162053.10581563888,512,128,128,162053.10581563888,162208.9359489722,162208.9359489722,162219.2759489722,162251.90235045928,165388.26818379253,198.79653482040158,24.69579396325399,3335.1623681536585,completed,0,0
req_156,162664.03298337388,512,128,128,162664.03298337388,162819.86311670722,162819.86311670722,162830.2031167072,162867.8428837926,166002.4940171258,203.80990041870973,24.682292388450524,3338.461033751926,completed,0,0
req_157,163989.18751525786,512,128,128,163989.18751525786,164145.0176485912,164145.0176485912,164155.3576485912,164190.76488379252,167343.80901712572,201.57736853466486,24.827119160103923,3354.621501867863,completed,0,0
req_158,164515.20572242996,512,128,128,164515.20572242996,164671.0358557633,164671.0358557633,164681.3758557633,164712.50928379252,167869.6012171257,197.30356136255432,24.85899160104858,3354.3954946957238,completed,0,0
req_159,165294.83443241374,512,128,128,165294.83443241374,165450.66456574708,165450.66456574708,165461.00456574708,165487.16881712587,168640.621450459,192.33438471212867,24.830335695536462,3345.787018045259,completed,0,0
req_160,166395.05518110946,512,128,128,166395.05518110946,166550.8853144428,166550.8853144428,166561.2253144428,166597.58001712582,169766.27585045903,202.52483601635322,24.95036089238752,3371.220669349568,completed,0,0
req_161,166435.62661144417,512,128,128,166550.8853144428,166706.71544777614,166706.71544777614,166717.05544777613,166744.91081712578,169917.44815045904,309.2842056816153,24.980608923883885,3481.821539014869,completed,0,0
req_162,166743.4642625956,512,128,128,166743.4642625956,166899.29439592894,166899.29439592894,166909.63439592894,166942.61918379244,170115.78011712572,199.15492119683768,24.985519160104523,3372.315854530112,completed,0,0
req_163,167142.6257511637,512,128,128,167142.6257511637,167298.45588449703,167298.45588449703,167308.79588449703,167343.80901712572,170509.02245045902,201.18326596202678,24.9229404199472,3366.396699295321,completed,0,0
req_164,168210.57967328245,512,128,128,168210.57967328245,168366.4098066158,168366.4098066158,168376.7498066158,168414.30325045902,171565.2482837923,203.72357717656996,24.81059081364775,3354.6686105098343,completed,0,0
req_165,169136.70011687907,512,128,128,169136.70011687907,169292.5302502124,169292.5302502124,169302.8702502124,169335.87798379236,172478.8727171256,199.17786691329093,24.747990026245972,3342.1726002465293,completed,0,0
req_166,169517.5774818545,512,128,128,169517.5774818545,169673.40761518784,169673.40761518784,169683.74761518784,169715.14508379236,172851.9751171256,197.56760193785885,24.69944908136413,3334.3976352711034,completed,0,0
req_167,170335.39616700565,512,128,128,170335.39616700565,170491.22630033898,170491.22630033898,170501.56630033898,170533.47248379234,173671.84971712562,198.07631678669713,24.71163175852972,3336.4535501199716,completed,0,0
req_168,171655.37773618053,512,128,128,171655.37773618053,171811.20786951386,171811.20786951386,171821.54786951386,171863.2243837923,175026.94371712566,207.846647611761,24.911175853018666,3371.5659809451317,completed,0,0
req_169,172778.09644445853,512,128,128,172778.09644445853,172933.92657779186,172933.92657779186,172944.26657779186,172977.09798379228,176202.51641712568,199.0015393337526,25.39699553805825,3424.4199726671504,completed,0,0
req_170,175174.84846971036,512,128,128,175174.84846971036,175330.6786030437,175330.6786030437,175341.0186030437,175374.61751712565,178547.970450459,199.76904741529142,24.987030971128682,3373.121980748634,completed,0,0
req_171,176066.81031360512,512,128,128,176066.81031360512,176222.64044693846,176222.64044693846,176232.98044693845,176286.28591712567,179451.733350459,219.47560352055007,24.92478293963244,3384.92303685387,completed,0,0
req_172,176537.24858100206,512,128,128,176537.24858100206,176693.0787143354,176693.0787143354,176703.4187143354,176737.13841712565,179899.305550459,199.88983612359152,24.8989538057743,3362.0569694569276,completed,0,0
req_173,179263.13859227893,512,128,128,179263.13859227893,179418.96872561227,179418.96872561227,179429.30872561227,179476.81688379231,182653.95441712573,213.67829151338083,25.01683097112925,3390.8158248467953,completed,0,0
req_174,179322.24163105755,512,128,128,179418.96872561227,179574.7988589456,179574.7988589456,179585.1388589456,179626.97708379233,182804.5114171257,304.73545273477794,25.01995538057774,3482.269786068151,completed,0,0
req_175,181920.2386606493,512,128,128,181920.2386606493,182076.06879398265,182076.06879398265,182086.40879398264,182131.61221712572,185334.75135045903,211.37355647640652,25.221567979002486,3414.5126898097224,completed,0,0
req_176,182919.02796691665,512,128,128,182919.02796691665,183074.85810024999,183074.85810024999,183085.19810024998,183123.11058379238,186268.35711712562,204.08261687573395,24.765720734907376,3349.3291502089705,completed,0,0
req_177,183479.7155998958,512,128,128,183479.7155998958,183635.54573322914,183635.54573322914,183645.88573322914,183674.28491712568,186814.928750459,194.56931722987792,24.72947900262446,3335.213150563184,completed,0,0
req_178,185042.75887804758,512,128,128,185042.75887804758,185198.58901138091,185198.58901138091,185208.9290113809,185236.3215171257,188383.220450459,193.56263907812536,24.778731758529815,3340.461572411412,completed,0,0
req_179,185222.80807822078,512,128,128,185222.80807822078,185378.63821155412,185378.63821155412,185388.97821155412,185433.56528379238,188579.11391712562,210.75720557160093,24.76809947506486,3356.3058389048383,completed,0,0
req_180,187414.1521064551,512,128,128,187414.1521064551,187569.98223978843,187569.98223978843,187580.32223978842,187617.6343171257,190761.13385045895,203.48221067059785,24.751964829395767,3346.9817440038605,completed,0,0
req_181,187722.09887904432,512,128,128,187722.09887904432,187877.92901237766,187877.92901237766,187888.26901237766,187915.2717171257,191058.50645045895,193.1728380813729,24.749879790025656,3336.407571414631,completed,0,0
req_182,187982.29322875812,512,128,128,187982.29322875812,188138.12336209146,188138.12336209146,188148.46336209145,188185.48608379232,191331.1136171256,203.19285503419815,24.768720734907784,3348.820388367487,completed,0,0
req_183,190225.0833609119,512,128,128,190225.0833609119,190380.91349424524,190380.91349424524,190391.25349424523,190440.30691712565,193583.21445045894,215.22355621375027,24.74730341207313,3358.131089547038,completed,0,0
req_184,190783.75033528925,512,128,128,190783.75033528925,190939.5804686226,190939.5804686226,190949.9204686226,190984.74065045896,194130.30448379228,200.99031516970717,24.768219160104874,3346.554148503026,completed,0,0
req_185,191249.5735453394,512,128,128,191249.5735453394,191405.40367867274,191405.40367867274,191415.74367867273,191456.04868379227,194600.9824171256,206.47513845286448,24.763257742782194,3351.4088717862032,completed,0,0
req_186,192838.36713200193,512,128,128,192838.36713200193,192994.19726533527,192994.19726533527,193004.53726533527,193041.3839171256,196188.47065045897,203.01678512367653,24.780210498687865,3350.1035184570355,completed,0,0
req_187,193916.3307819853,512,128,128,193916.3307819853,194072.16091531864,194072.16091531864,194082.50091531864,194130.30448379228,197292.99101712563,213.9737018069718,24.90304356955398,3376.660235140327,completed,0,0
req_188,194372.04329175348,512,128,128,194372.04329175348,194527.87342508681,194527.87342508681,194538.2134250868,194576.47618379229,197799.51271712562,204.43289203880704,25.378240419947495,3427.469425372139,completed,0,0
req_189,197500.98163350884,512,128,128,197500.98163350884,197656.81176684218,197656.81176684218,197667.15176684217,197699.16108379228,201007.68961712555,198.1794502834382,26.051405774277733,3506.7079836167104,completed,0,0
req_190,198617.4506650756,512,128,128,198617.4506650756,198773.28079840893,198773.28079840893,198783.62079840893,198822.78358379228,201966.61901712546,205.3329187166819,24.75460971128489,3349.1683520498627,completed,0,0
req_191,199496.6078275666,512,128,128,199496.6078275666,199652.43796089993,199652.43796089993,199662.77796089993,199700.03535045896,202838.36628379213,203.42752289236523,24.71126719159977,3341.758456225536,completed,0,0
req_192,200072.81264243583,512,128,128,200072.81264243583,200228.64277576917,200228.64277576917,200238.98277576917,200269.19131712563,203411.72775045878,196.37867468979675,24.744381364827973,3338.9151080229494,completed,0,0
req_193,200394.90007997153,512,128,128,200394.90007997153,200550.73021330487,200550.73021330487,200561.07021330486,200587.82795045892,203737.91938379212,192.92787048738683,24.803869553804756,3343.0193038205907,completed,0,0
req_194,202808.54658914378,512,128,128,202808.54658914378,202964.3767224771,202964.3767224771,202974.7167224771,203013.83411712543,206322.65505045882,205.28752798165078,26.05370813648342,3514.108461315045,completed,0,0
req_195,204582.07580627262,512,128,128,204582.07580627262,204737.90593960596,204737.90593960596,204748.24593960596,204790.10998379215,207927.0102171254,208.03417751952657,24.70000183726977,3344.9344108527876,completed,0,0
req_196,204982.81879371288,512,128,128,204982.81879371288,205138.64892704622,205138.64892704622,205148.98892704622,205190.9576171255,208324.1568504588,208.1388234126207,24.670860104986527,3341.33805674591,completed,0,0
req_197,205305.3534760354,512,128,128,205305.3534760354,205461.18360936875,205461.18360936875,205471.52360936874,205512.07235045882,208644.3657837921,206.7188744234154,24.663727821521903,3339.012307756697,completed,0,0
req_198,205645.85892010693,512,128,128,205645.85892010693,205801.68905344026,205801.68905344026,205812.02905344026,205854.4142171255,208992.2823504588,208.55529701858177,24.70762309711243,3346.4234303518606,completed,0,0
req_199,207005.35874199923,512,128,128,207005.35874199923,207161.18887533256,207161.18887533256,207171.52887533256,207206.26105045874,210372.63448379212,200.9023084595101,24.93207427821563,3367.275741792895,completed,0,0
req_200,207772.9462911303,512,128,128,207772.9462911303,207928.77642446363,207928.77642446363,207939.11642446363,207976.4591837921,211281.42701712542,203.51289266179083,26.02336876640416,3508.4807259951194,completed,0,0
