request_id,source_replica_id,lane_id,mode,size_mb,queued_time_ms,start_time_ms,end_time_ms,duration_ms
req_1,0,0,pcie,128.0,0.0,155.83013333333335,166.17013333333335,10.34
req_2,0,0,pcie,128.0,0.0,2292.861579773803,2303.201579773803,10.34
req_3,0,0,pcie,128.0,0.0,2585.222080452849,2595.562080452849,10.34
req_4,0,0,pcie,128.0,0.0,2763.9966123411127,2774.336612341113,10.34
req_5,0,0,pcie,128.0,0.0,3896.9526974397027,3907.292697439703,10.34
req_6,0,0,pcie,128.0,0.0,5157.48114228113,5167.82114228113,10.34
req_7,0,0,pcie,128.0,0.0,5994.443864653464,6004.783864653464,10.34
req_8,0,0,pcie,128.0,0.0,7744.920659312494,7755.260659312494,10.34
req_9,0,0,pcie,128.0,0.0,7900.750792645827,7911.090792645827,10.34
req_10,0,0,pcie,128.0,0.0,8056.5809259791595,8066.92092597916,10.34
req_11,0,0,pcie,128.0,0.0,8212.411059312493,8222.751059312493,10.34
req_12,0,0,pcie,128.0,0.0,9371.337109151,9381.677109151,10.34
req_13,0,0,pcie,128.0,0.0,10941.855886162857,10952.195886162857,10.34
req_14,0,0,pcie,128.0,0.0,11395.367288437628,11405.707288437628,10.34
req_15,0,0,pcie,128.0,0.0,11551.197421770961,11561.537421770961,10.34
req_16,0,0,pcie,128.0,0.0,12848.700922424789,12859.040922424789,10.34
req_17,0,0,pcie,128.0,0.0,13138.963761977415,13149.303761977415,10.34
req_18,0,0,pcie,128.0,0.0,13294.793895310748,13305.133895310748,10.34
req_19,0,0,pcie,128.0,0.0,13613.084409757375,13623.424409757376,10.34
req_20,0,0,pcie,128.0,0.0,13863.67889132461,13874.01889132461,10.34
req_21,0,0,pcie,128.0,0.0,14438.3062130318,14448.6462130318,10.34
req_22,0,0,pcie,128.0,0.0,15996.496035446298,16006.836035446298,10.34
req_23,0,0,pcie,128.0,0.0,17114.04923638905,17124.38923638905,10.34
req_24,0,0,pcie,128.0,0.0,19632.041835629974,19642.381835629974,10.34
req_25,0,0,pcie,128.0,0.0,20580.367449550915,20590.707449550915,10.34
req_26,0,0,pcie,128.0,0.0,21417.085384946153,21427.425384946153,10.34
req_27,0,0,pcie,128.0,0.0,21602.891940669197,21613.231940669197,10.34
req_28,0,0,pcie,128.0,0.0,22612.455021712954,22622.795021712955,10.34
req_29,0,0,pcie,128.0,0.0,23516.955944220343,23527.295944220343,10.34
req_30,0,0,pcie,128.0,0.0,27322.36880310608,27332.70880310608,10.34
req_31,0,0,pcie,128.0,0.0,27478.198936439414,27488.538936439414,10.34
req_32,0,0,pcie,128.0,0.0,27804.943539828288,27815.283539828288,10.34
req_33,0,0,pcie,128.0,0.0,28920.666365137724,28931.006365137724,10.34
req_34,0,0,pcie,128.0,0.0,29220.185456523534,29230.525456523534,10.34
req_35,0,0,pcie,128.0,0.0,33699.42999251768,33709.76999251768,10.34
req_36,0,0,pcie,128.0,0.0,33944.801664827435,33955.14166482743,10.34
req_37,0,0,pcie,128.0,0.0,34562.272104047515,34572.61210404751,10.34
req_38,0,0,pcie,128.0,0.0,35260.870923135175,35271.21092313517,10.34
req_39,0,0,pcie,128.0,0.0,35668.31080686088,35678.650806860875,10.34
req_40,0,0,pcie,128.0,0.0,38524.730720979656,38535.07072097965,10.34
req_41,0,0,pcie,128.0,0.0,39170.77818721953,39181.11818721952,10.34
req_42,0,0,pcie,128.0,0.0,40301.099053493774,40311.43905349377,10.34
req_43,0,0,pcie,128.0,0.0,41234.439592847375,41244.77959284737,10.34
req_44,0,0,pcie,128.0,0.0,43384.456195345236,43394.79619534523,10.34
req_45,0,0,pcie,128.0,0.0,45502.698458081664,45513.03845808166,10.34
req_46,0,0,pcie,128.0,0.0,47159.03552357687,47169.37552357687,10.34
req_47,0,0,pcie,128.0,0.0,48264.598694567816,48274.93869456781,10.34
req_48,0,0,pcie,128.0,0.0,48420.42882790115,48430.76882790115,10.34
req_49,0,0,pcie,128.0,0.0,50029.428152389366,50039.76815238936,10.34
req_50,0,0,pcie,128.0,0.0,51532.76350752631,51543.103507526306,10.34
req_51,0,0,pcie,128.0,0.0,52962.90347761011,52973.24347761011,10.34
req_52,0,0,pcie,128.0,0.0,53687.42127929406,53697.761279294056,10.34
req_53,0,0,pcie,128.0,0.0,54542.44412789027,54552.78412789026,10.34
req_54,0,0,pcie,128.0,0.0,54805.4113372573,54815.751337257294,10.34
req_55,0,0,pcie,128.0,0.0,56543.553450244835,56553.89345024483,10.34
req_56,0,0,pcie,128.0,0.0,56816.00752233982,56826.34752233982,10.34
req_57,0,0,pcie,128.0,0.0,59051.258573526,59061.598573526,10.34
req_58,0,0,pcie,128.0,0.0,60214.399673991626,60224.73967399162,10.34
req_59,0,0,pcie,128.0,0.0,60808.75540805166,60819.09540805165,10.34
req_60,0,0,pcie,128.0,0.0,62752.64187269838,62762.98187269838,10.34
req_61,0,0,pcie,128.0,0.0,66486.52240953625,66496.86240953625,10.34
req_62,0,0,pcie,128.0,0.0,66882.75069947362,66893.09069947361,10.34
req_63,0,0,pcie,128.0,0.0,67137.64818265765,67147.98818265765,10.34
req_64,0,0,pcie,128.0,0.0,67293.47831599099,67303.81831599098,10.34
req_65,0,0,pcie,128.0,0.0,68627.29161592704,68637.63161592704,10.34
req_66,0,0,pcie,128.0,0.0,69818.00141496667,69828.34141496666,10.34
req_67,0,0,pcie,128.0,0.0,70149.98732851486,70160.32732851486,10.34
req_68,0,0,pcie,128.0,0.0,70305.8174618482,70316.1574618482,10.34
req_69,0,0,pcie,128.0,0.0,70473.38079105501,70483.720791055,10.34
req_70,0,0,pcie,128.0,0.0,70879.75785689647,70890.09785689646,10.34
req_71,0,0,pcie,128.0,0.0,71879.73483498956,71890.07483498956,10.34
req_72,0,0,pcie,128.0,0.0,72670.60235203044,72680.94235203044,10.34
req_73,0,0,pcie,128.0,0.0,74375.26915645812,74385.60915645811,10.34
req_74,0,0,pcie,128.0,0.0,74996.51781439838,75006.85781439838,10.34
req_75,0,0,pcie,128.0,0.0,77162.05848163263,77172.39848163263,10.34
req_76,0,0,pcie,128.0,0.0,80003.75436852005,80014.09436852005,10.34
req_77,0,0,pcie,128.0,0.0,80180.95048139822,80191.29048139822,10.34
req_78,0,0,pcie,128.0,0.0,80336.78061473156,80347.12061473155,10.34
req_79,0,0,pcie,128.0,0.0,80961.24956417273,80971.58956417273,10.34
req_80,0,0,pcie,128.0,0.0,81692.86692130954,81703.20692130954,10.34
req_81,0,0,pcie,128.0,0.0,84534.81185272102,84545.15185272101,10.34
req_82,0,0,pcie,128.0,0.0,85287.67326806877,85298.01326806877,10.34
req_83,0,0,pcie,128.0,0.0,87465.03846028651,87475.3784602865,10.34
req_84,0,0,pcie,128.0,0.0,87620.86859361985,87631.20859361984,10.34
req_85,0,0,pcie,128.0,0.0,87957.93257310482,87968.27257310481,10.34
req_86,0,0,pcie,128.0,0.0,89245.25331288128,89255.59331288128,10.34
req_87,0,0,pcie,128.0,0.0,89706.21542256321,89716.55542256321,10.34
req_88,0,0,pcie,128.0,0.0,89957.93431921906,89968.27431921905,10.34
req_89,0,0,pcie,128.0,0.0,92323.1911688366,92333.53116883659,10.34
req_90,0,0,pcie,128.0,0.0,92983.68503051208,92994.02503051207,10.34
req_91,0,0,pcie,128.0,0.0,93139.51516384541,93149.85516384541,10.34
req_92,0,0,pcie,128.0,0.0,93379.21490716675,93389.55490716675,10.34
req_93,0,0,pcie,128.0,0.0,94274.83903824839,94285.17903824839,10.34
req_94,0,0,pcie,128.0,0.0,94709.07928998035,94719.41928998035,10.34
req_95,0,0,pcie,128.0,0.0,96612.99371232418,96623.33371232418,10.34
req_96,0,0,pcie,128.0,0.0,96768.82384565752,96779.16384565752,10.34
req_97,0,0,pcie,128.0,0.0,97715.9275110279,97726.2675110279,10.34
req_98,0,0,pcie,128.0,0.0,98802.04645304568,98812.38645304568,10.34
req_99,0,0,pcie,128.0,0.0,100593.6915738345,100604.0315738345,10.34
req_100,0,0,pcie,128.0,0.0,101131.3504172506,101141.69041725059,10.34
req_101,0,0,pcie,128.0,0.0,102464.49237519318,102474.83237519317,10.34
req_102,0,0,pcie,128.0,0.0,102945.58199241258,102955.92199241258,10.34
req_103,0,0,pcie,128.0,0.0,103148.89615816841,103159.23615816841,10.34
req_104,0,0,pcie,128.0,0.0,103433.76409150174,103444.10409150174,10.34
req_105,0,0,pcie,128.0,10.339999999996508,103444.10409150174,103454.44409150173,10.34
req_106,0,0,pcie,128.0,0.0,103759.65364435938,103769.99364435938,10.34
req_107,0,0,pcie,128.0,0.0,103915.48377769272,103925.82377769271,10.34
req_108,0,0,pcie,128.0,0.0,104207.0272302964,104217.3672302964,10.34
req_109,0,0,pcie,128.0,0.0,105841.42567980132,105851.76567980132,10.34
req_110,0,0,pcie,128.0,0.0,106019.53366071248,106029.87366071247,10.34
req_111,0,0,pcie,128.0,0.0,106435.16242431497,106445.50242431497,10.34
req_112,0,0,pcie,128.0,0.0,108539.45421917815,108549.79421917815,10.34
req_113,0,0,pcie,128.0,0.0,108717.48118259005,108727.82118259005,10.34
req_114,0,0,pcie,128.0,0.0,108873.31131592339,108883.65131592339,10.34
req_115,0,0,pcie,128.0,0.0,109157.03628038206,109167.37628038206,10.34
req_116,0,0,pcie,128.0,0.0,109615.04801655162,109625.38801655162,10.34
req_117,0,0,pcie,128.0,0.0,111523.05130397597,111533.39130397596,10.34
req_118,0,0,pcie,128.0,0.0,113300.77598542822,113311.11598542822,10.34
req_119,0,0,pcie,128.0,0.0,116656.43523101958,116666.77523101958,10.34
req_120,0,0,pcie,128.0,0.0,116812.26536435292,116822.60536435292,10.34
req_121,0,0,pcie,128.0,0.0,118889.31625552954,118899.65625552954,10.34
req_122,0,0,pcie,128.0,0.0,120638.45600077938,120648.79600077937,10.34
req_123,0,0,pcie,128.0,0.0,120993.9335822004,121004.2735822004,10.34
req_124,0,0,pcie,128.0,0.0,124382.87365187446,124393.21365187445,10.34
req_125,0,0,pcie,128.0,0.0,124538.70378520779,124549.04378520779,10.34
req_126,0,0,pcie,128.0,0.0,126657.87785264294,126668.21785264293,10.34
req_127,0,0,pcie,128.0,0.0,126813.70798597627,126824.04798597627,10.34
req_128,0,0,pcie,128.0,0.0,126969.53811930961,126979.87811930961,10.34
req_129,0,0,pcie,128.0,0.0,128669.53458940197,128679.87458940197,10.34
req_130,0,0,pcie,128.0,0.0,130168.42381911674,130178.76381911674,10.34
req_131,0,0,pcie,128.0,0.0,130718.73600390847,130729.07600390847,10.34
req_132,0,0,pcie,128.0,0.0,132419.31260101066,132429.65260101066,10.34
req_133,0,0,pcie,128.0,0.0,133219.93288508672,133230.2728850867,10.34
req_134,0,0,pcie,128.0,0.0,133375.76301842005,133386.10301842005,10.34
req_135,0,0,pcie,128.0,0.0,134481.53924996074,134491.87924996074,10.34
req_136,0,0,pcie,128.0,0.0,135009.08503843923,135019.42503843922,10.34
req_137,0,0,pcie,128.0,0.0,135552.0797667839,135562.4197667839,10.34
req_138,0,0,pcie,128.0,0.0,136632.55489333253,136642.89489333253,10.34
req_139,0,0,pcie,128.0,0.0,138974.9245012963,138985.2645012963,10.34
req_140,0,0,pcie,128.0,0.0,140020.50919638327,140030.84919638326,10.34
req_141,0,0,pcie,128.0,0.0,140304.9830342874,140315.3230342874,10.34
req_142,0,0,pcie,128.0,0.0,140460.81316762074,140471.15316762074,10.34
req_143,0,0,pcie,128.0,0.0,143626.84869635195,143637.18869635195,10.34
req_144,0,0,pcie,128.0,0.0,147757.12684688406,147767.46684688405,10.34
req_145,0,0,pcie,128.0,0.0,148165.950925582,148176.290925582,10.34
req_146,0,0,pcie,128.0,0.0,150534.4536181862,150544.7936181862,10.34
req_147,0,0,pcie,128.0,0.0,152219.2811867293,152229.6211867293,10.34
req_148,0,0,pcie,128.0,0.0,152375.11132006263,152385.45132006262,10.34
req_149,0,0,pcie,128.0,0.0,153888.11410602287,153898.45410602287,10.34
req_150,0,0,pcie,128.0,0.0,154719.69385915392,154730.03385915392,10.34
req_151,0,0,pcie,128.0,0.0,156087.07949376488,156097.41949376487,10.34
req_152,0,0,pcie,128.0,0.0,157469.1144932539,157479.4544932539,10.34
req_153,0,0,pcie,128.0,0.0,161890.400517126,161900.740517126,10.34
req_154,0,0,pcie,128.0,0.0,162050.57838059973,162060.91838059973,10.34
req_155,0,0,pcie,128.0,0.0,162208.9359489722,162219.2759489722,10.34
req_156,0,0,pcie,128.0,0.0,162819.86311670722,162830.2031167072,10.34
req_157,0,0,pcie,128.0,0.0,164145.0176485912,164155.3576485912,10.34
req_158,0,0,pcie,128.0,0.0,164671.0358557633,164681.3758557633,10.34
req_159,0,0,pcie,128.0,0.0,165450.66456574708,165461.00456574708,10.34
req_160,0,0,pcie,128.0,0.0,166550.8853144428,166561.2253144428,10.34
req_161,0,0,pcie,128.0,0.0,166706.71544777614,166717.05544777613,10.34
req_162,0,0,pcie,128.0,0.0,166899.29439592894,166909.63439592894,10.34
req_163,0,0,pcie,128.0,0.0,167298.45588449703,167308.79588449703,10.34
req_164,0,0,pcie,128.0,0.0,168366.4098066158,168376.7498066158,10.34
req_165,0,0,pcie,128.0,0.0,169292.5302502124,169302.8702502124,10.34
req_166,0,0,pcie,128.0,0.0,169673.40761518784,169683.74761518784,10.34
req_167,0,0,pcie,128.0,0.0,170491.22630033898,170501.56630033898,10.34
req_168,0,0,pcie,128.0,0.0,171811.20786951386,171821.54786951386,10.34
req_169,0,0,pcie,128.0,0.0,172933.92657779186,172944.26657779186,10.34
req_170,0,0,pcie,128.0,0.0,175330.6786030437,175341.0186030437,10.34
req_171,0,0,pcie,128.0,0.0,176222.64044693846,176232.98044693845,10.34
req_172,0,0,pcie,128.0,0.0,176693.0787143354,176703.4187143354,10.34
req_173,0,0,pcie,128.0,0.0,179418.96872561227,179429.30872561227,10.34
req_174,0,0,pcie,128.0,0.0,179574.7988589456,179585.1388589456,10.34
req_175,0,0,pcie,128.0,0.0,182076.06879398265,182086.40879398264,10.34
req_176,0,0,pcie,128.0,0.0,183074.85810024999,183085.19810024998,10.34
req_177,0,0,pcie,128.0,0.0,183635.54573322914,183645.88573322914,10.34
req_178,0,0,pcie,128.0,0.0,185198.58901138091,185208.9290113809,10.34
req_179,0,0,pcie,128.0,0.0,185378.63821155412,185388.97821155412,10.34
req_180,0,0,pcie,128.0,0.0,187569.98223978843,187580.32223978842,10.34
req_181,0,0,pcie,128.0,0.0,187877.92901237766,187888.26901237766,10.34
req_182,0,0,pcie,128.0,0.0,188138.12336209146,188148.46336209145,10.34
req_183,0,0,pcie,128.0,0.0,190380.91349424524,190391.25349424523,10.34
req_184,0,0,pcie,128.0,0.0,190939.5804686226,190949.9204686226,10.34
req_185,0,0,pcie,128.0,0.0,191405.40367867274,191415.74367867273,10.34
req_186,0,0,pcie,128.0,0.0,192994.19726533527,193004.53726533527,10.34
req_187,0,0,pcie,128.0,0.0,194072.16091531864,194082.50091531864,10.34
req_188,0,0,pcie,128.0,0.0,194527.87342508681,194538.2134250868,10.34
req_189,0,0,pcie,128.0,0.0,197656.81176684218,197667.15176684217,10.34
req_190,0,0,pcie,128.0,0.0,198773.28079840893,198783.62079840893,10.34
req_191,0,0,pcie,128.0,0.0,199652.43796089993,199662.77796089993,10.34
req_192,0,0,pcie,128.0,0.0,200228.64277576917,200238.98277576917,10.34
req_193,0,0,pcie,128.0,0.0,200550.73021330487,200561.07021330486,10.34
req_194,0,0,pcie,128.0,0.0,202964.3767224771,202974.7167224771,10.34
req_195,0,0,pcie,128.0,0.0,204737.90593960596,204748.24593960596,10.34
req_196,0,0,pcie,128.0,0.0,205138.64892704622,205148.98892704622,10.34
req_197,0,0,pcie,128.0,0.0,205461.18360936875,205471.52360936874,10.34
req_198,0,0,pcie,128.0,0.0,205801.68905344026,205812.02905344026,10.34
req_199,0,0,pcie,128.0,0.0,207161.18887533256,207171.52887533256,10.34
req_200,0,0,pcie,128.0,0.0,207928.77642446363,207939.11642446363,10.34
